{"cameraMode":{"drawMode":0,"name":"Shaded","section":"Shading Mode"},"sceneLighting":false,"audioPlay":false,"sceneViewState":{"m_AlwaysRefresh":false,"showFog":true,"showSkybox":false,"showFlares":true,"showImageEffects":true,"showParticleSystems":true,"showVisualEffectGraphs":true,"m_FxEnabled":true},"in2DMode":false,"pivot":{"x":0.05989879369735718,"y":0.8466739654541016,"z":-0.09991039335727692},"rotation":{"x":-0.01404691394418478,"y":-0.9848909378051758,"z":0.09664013981819153,"w":-0.1430763453245163},"size":0.7987455725669861,"orthographic":false}